{"graph": {"_type": "graph-file", "sha256": "ae14de2376f476c8f25f2793c4be5e11a6084d6f3be57f2f2b97884cf9c09507", "size": 1081, "path": "media/graph/graph_summary_ae14de2376f476c8f25f.graph.json"}, "epoch": 1, "_timestamp": 1705578112.4576387, "loss": 0.6162599921226501, "mse": 0.6649570465087891, "masked_pearson_correlation_distance": 0.48542433977127075, "val_loss": 0.6074600219726562, "val_mse": 0.681777834892273, "val_masked_pearson_correlation_distance": 0.463132381439209, "_runtime": 126.97922468185425, "_step": 1, "best_val_loss": 0.6074600219726562, "best_epoch": 1, "_wandb": {"runtime": 126}}