{"graph": {"_type": "graph-file", "sha256": "b8c0ced06f8522dc1b3cf4e9722f5639048484da896003bd07939d7c54debeab", "size": 950, "path": "media/graph/graph_summary_b8c0ced06f8522dc1b3c.graph.json"}, "loss": 0.6714336276054382, "masked_pearson_correlation_distance": 0.5615606904029846, "_timestamp": 1718799249.666319, "_runtime": 56.24611687660217, "_step": 17, "epoch": 1, "val_loss": 0.6693113446235657, "val_masked_pearson_correlation_distance": 0.5576402544975281, "best_val_loss": 0.6693113446235657, "best_epoch": 1, "_wandb": {"runtime": 55}}