{"graph": {"_type": "graph-file", "sha256": "ae14de2376f476c8f25f2793c4be5e11a6084d6f3be57f2f2b97884cf9c09507", "size": 1081, "path": "media/graph/graph_summary_ae14de2376f476c8f25f.graph.json"}, "epoch": 1, "_timestamp": 1705578838.8300345, "loss": 0.6114871501922607, "mse": 0.6618565320968628, "masked_pearson_correlation_distance": 0.4799512028694153, "val_loss": 0.5963766574859619, "val_mse": 0.6789646148681641, "val_masked_pearson_correlation_distance": 0.4544178247451782, "_runtime": 138.54882860183716, "_step": 1, "best_val_loss": 0.5963766574859619, "best_epoch": 1, "_wandb": {"runtime": 137}}