{"graph": {"_type": "graph-file", "sha256": "b8c0ced06f8522dc1b3cf4e9722f5639048484da896003bd07939d7c54debeab", "size": 950, "path": "media/graph/graph_summary_b8c0ced06f8522dc1b3c.graph.json"}, "epoch": 0, "_timestamp": 1718796262.596971, "loss": 0.7046384215354919, "masked_pearson_correlation_distance": 0.6060395240783691, "val_loss": 0.6663472652435303, "val_masked_pearson_correlation_distance": 0.5510955452919006, "_runtime": 31.27873992919922, "_step": 0, "best_val_loss": 0.6663472652435303, "best_epoch": 0, "_wandb": {"runtime": 44}}