{"graph": {"_type": "graph-file", "sha256": "b8c0ced06f8522dc1b3cf4e9722f5639048484da896003bd07939d7c54debeab", "size": 950, "path": "media/graph/graph_summary_b8c0ced06f8522dc1b3c.graph.json"}, "loss": 0.6702631115913391, "masked_pearson_correlation_distance": 0.5613691806793213, "_timestamp": 1718798619.9765236, "_runtime": 46.56450057029724, "_step": 17, "epoch": 1, "val_loss": 0.6676700115203857, "val_masked_pearson_correlation_distance": 0.5566630959510803, "best_val_loss": 0.6676700115203857, "best_epoch": 1, "_wandb": {"runtime": 47}}