{"graph": {"_type": "graph-file", "sha256": "ae14de2376f476c8f25f2793c4be5e11a6084d6f3be57f2f2b97884cf9c09507", "size": 1081, "path": "media/graph/graph_summary_ae14de2376f476c8f25f.graph.json"}, "epoch": 2, "_timestamp": 1705576368.5522263, "loss": 0.6144887208938599, "mse": 0.6674486398696899, "masked_pearson_correlation_distance": 0.492195188999176, "val_loss": 0.6007348299026489, "val_mse": 0.6891554594039917, "val_masked_pearson_correlation_distance": 0.4717065095901489, "_runtime": 203.26513528823853, "_step": 2, "best_val_loss": 0.6007348299026489, "best_epoch": 2, "_wandb": {"runtime": 202}}