{"graph": {"_type": "graph-file", "sha256": "b8c0ced06f8522dc1b3cf4e9722f5639048484da896003bd07939d7c54debeab", "size": 950, "path": "media/graph/graph_summary_b8c0ced06f8522dc1b3c.graph.json"}, "loss": 0.6682088375091553, "masked_pearson_correlation_distance": 0.5574483871459961, "_timestamp": 1718799842.6687706, "_runtime": 45.84239745140076, "_step": 17, "epoch": 1, "val_loss": 0.6663691997528076, "val_masked_pearson_correlation_distance": 0.5540207028388977, "best_val_loss": 0.6663691997528076, "best_epoch": 1, "_wandb": {"runtime": 46}}