{"graph": {"_type": "graph-file", "sha256": "9dda07817903f579a1352dc9c7be8b3ea18d7f5793254aeecca3b18f5b90222c", "size": 1083, "path": "media/graph/graph_summary_9dda07817903f579a135.graph.json"}, "epoch": 0, "_timestamp": 1705683758.4954839, "loss": 0.6326894760131836, "mse": 0.6560438275337219, "masked_pearson_correlation_distance": 0.5127537250518799, "val_loss": 0.6121318340301514, "val_mse": 0.6759593486785889, "val_masked_pearson_correlation_distance": 0.4727259874343872, "_runtime": 74.45511293411255, "_step": 0, "best_val_loss": 0.6121318340301514, "best_epoch": 0, "_wandb": {"runtime": 73}}