{"graph": {"_type": "graph-file", "sha256": "ae14de2376f476c8f25f2793c4be5e11a6084d6f3be57f2f2b97884cf9c09507", "size": 1081, "path": "media/graph/graph_summary_ae14de2376f476c8f25f.graph.json"}, "epoch": 0, "_timestamp": 1705668254.3692892, "loss": 0.6342379450798035, "mse": 0.6538938879966736, "masked_pearson_correlation_distance": 0.5248146057128906, "val_loss": 0.606467068195343, "val_mse": 0.6725360751152039, "val_masked_pearson_correlation_distance": 0.4794445037841797, "_runtime": 76.7016441822052, "_step": 0, "best_val_loss": 0.606467068195343, "best_epoch": 0}