{"graph": {"_type": "graph-file", "sha256": "b8c0ced06f8522dc1b3cf4e9722f5639048484da896003bd07939d7c54debeab", "size": 950, "path": "media/graph/graph_summary_b8c0ced06f8522dc1b3c.graph.json"}, "loss": 0.6698150634765625, "masked_pearson_correlation_distance": 0.5635285973548889, "_timestamp": 1718799531.5142057, "_runtime": 45.257017612457275, "_step": 17, "epoch": 1, "val_loss": 0.6683778166770935, "val_masked_pearson_correlation_distance": 0.5592748522758484, "best_val_loss": 0.6683778166770935, "best_epoch": 1, "_wandb": {"runtime": 46}}