{"graph": {"_type": "graph-file", "sha256": "b8c0ced06f8522dc1b3cf4e9722f5639048484da896003bd07939d7c54debeab", "size": 950, "path": "media/graph/graph_summary_b8c0ced06f8522dc1b3c.graph.json"}, "epoch": 0, "_timestamp": 1718798330.2558413, "loss": 0.6915279626846313, "masked_pearson_correlation_distance": 0.5932813286781311, "val_loss": 0.6679363250732422, "val_masked_pearson_correlation_distance": 0.5579403042793274, "_runtime": 29.933683156967163, "_step": 0, "best_val_loss": 0.6679363250732422, "best_epoch": 0, "_wandb": {"runtime": 42}}