{"graph": {"_type": "graph-file", "sha256": "b8c0ced06f8522dc1b3cf4e9722f5639048484da896003bd07939d7c54debeab", "size": 950, "path": "media/graph/graph_summary_b8c0ced06f8522dc1b3c.graph.json"}, "loss": 0.6705467700958252, "masked_pearson_correlation_distance": 0.5631809234619141, "_timestamp": 1718799371.8831477, "_runtime": 45.60546875, "_step": 17, "epoch": 1, "val_loss": 0.6689924001693726, "val_masked_pearson_correlation_distance": 0.559742271900177, "best_val_loss": 0.6689924001693726, "best_epoch": 1, "_wandb": {"runtime": 46}}