{"graph": {"_type": "graph-file", "sha256": "b8c0ced06f8522dc1b3cf4e9722f5639048484da896003bd07939d7c54debeab", "size": 950, "path": "media/graph/graph_summary_b8c0ced06f8522dc1b3c.graph.json"}, "loss": 0.670365571975708, "masked_pearson_correlation_distance": 0.5600037574768066, "_timestamp": 1718798782.5970626, "_runtime": 45.333022594451904, "_step": 17, "epoch": 1, "val_loss": 0.6685910224914551, "val_masked_pearson_correlation_distance": 0.5564769506454468, "best_val_loss": 0.6685910224914551, "best_epoch": 1, "_wandb": {"runtime": 46}}