{"graph": {"_type": "graph-file", "sha256": "ae14de2376f476c8f25f2793c4be5e11a6084d6f3be57f2f2b97884cf9c09507", "size": 1081, "path": "media/graph/graph_summary_ae14de2376f476c8f25f.graph.json"}, "epoch": 1, "_timestamp": 1705584475.6466486, "loss": 0.6114780306816101, "mse": 0.6608563661575317, "masked_pearson_correlation_distance": 0.48199209570884705, "val_loss": 0.5944543480873108, "val_mse": 0.6810159683227539, "val_masked_pearson_correlation_distance": 0.451149582862854, "_runtime": 144.59629464149475, "_step": 1, "best_val_loss": 0.5944543480873108, "best_epoch": 1, "_wandb": {"runtime": 143}}