{"graph": {"_type": "graph-file", "sha256": "b8c0ced06f8522dc1b3cf4e9722f5639048484da896003bd07939d7c54debeab", "size": 950, "path": "media/graph/graph_summary_b8c0ced06f8522dc1b3c.graph.json"}, "loss": 0.6750655770301819, "masked_pearson_correlation_distance": 0.5694456696510315, "_timestamp": 1718797789.3800595, "_runtime": 44.82191348075867, "_step": 17, "epoch": 1, "val_loss": 0.6738355159759521, "val_masked_pearson_correlation_distance": 0.5664640665054321, "best_val_loss": 0.6738355159759521, "best_epoch": 1, "_wandb": {"runtime": 45}}